Date,CD_ACAO,Close,Close,Close
,,ABEV3.SA,ASAI3.SA,AXIA3.SA
2025-01-02,ABEV3.SA,10.791955947875977,,
2025-01-03,ABEV3.SA,10.540762901306152,,
2025-01-06,ABEV3.SA,10.503549575805664,,
2025-01-07,ABEV3.SA,10.73613452911377,,
2025-01-08,ABEV3.SA,10.624494552612305,,
2025-01-09,ABEV3.SA,10.605886459350586,,
2025-01-10,ABEV3.SA,10.38260555267334,,
2025-01-13,ABEV3.SA,10.457032203674316,,
2025-01-14,ABEV3.SA,10.429122924804688,,
2025-01-15,ABEV3.SA,10.59658432006836,,
2025-01-16,ABEV3.SA,10.308177947998047,,
2025-01-17,ABEV3.SA,10.31748104095459,,
2025-01-20,ABEV3.SA,10.280267715454102,,
2025-01-21,ABEV3.SA,10.466336250305176,,
2025-01-22,ABEV3.SA,10.252358436584473,,
2025-01-23,ABEV3.SA,10.280267715454102,,
2025-01-24,ABEV3.SA,10.112805366516113,,
2025-01-27,ABEV3.SA,10.345391273498535,,
2025-01-28,ABEV3.SA,10.336088180541992,,
2025-01-29,ABEV3.SA,10.205841064453125,,
2025-01-30,ABEV3.SA,10.336088180541992,,
2025-01-31,ABEV3.SA,10.326784133911133,,
2025-02-03,ABEV3.SA,10.2616605758667,,
2025-02-04,ABEV3.SA,10.140716552734375,,
2025-02-05,ABEV3.SA,10.066288948059082,,
2025-02-06,ABEV3.SA,10.103503227233887,,
2025-02-07,ABEV3.SA,10.094200134277344,,
2025-02-10,ABEV3.SA,10.205841064453125,,
2025-02-11,ABEV3.SA,10.196537017822266,,
2025-02-12,ABEV3.SA,10.159323692321777,,
2025-02-13,ABEV3.SA,10.215143203735352,,
2025-02-14,ABEV3.SA,10.354695320129395,,
2025-02-17,ABEV3.SA,10.326784133911133,,
2025-02-18,ABEV3.SA,10.31748104095459,,
2025-02-19,ABEV3.SA,10.205841064453125,,
2025-02-20,ABEV3.SA,10.270964622497559,,
2025-02-21,ABEV3.SA,10.345391273498535,,
2025-02-24,ABEV3.SA,10.2616605758667,,
2025-02-25,ABEV3.SA,10.31748104095459,,
2025-02-26,ABEV3.SA,10.884989738464355,,
2025-02-27,ABEV3.SA,11.461800575256348,,
2025-02-28,ABEV3.SA,11.368766784667969,,
2025-03-05,ABEV3.SA,11.88975715637207,,
2025-03-06,ABEV3.SA,11.95488166809082,,
2025-03-07,ABEV3.SA,12.187466621398926,,
2025-03-10,ABEV3.SA,12.206073760986328,,
2025-03-11,ABEV3.SA,11.964184761047363,,
2025-03-12,ABEV3.SA,12.122342109680176,,
2025-03-13,ABEV3.SA,12.401445388793945,,
2025-03-14,ABEV3.SA,12.689851760864258,,
2025-03-17,ABEV3.SA,12.74394416809082,,
2025-03-18,ABEV3.SA,12.7251615524292,,
2025-03-19,ABEV3.SA,12.847249031066895,,
2025-03-20,ABEV3.SA,12.77211856842041,,
2025-03-21,ABEV3.SA,12.894205093383789,,
2025-03-24,ABEV3.SA,12.71576976776123,,
2025-03-25,ABEV3.SA,12.77211856842041,,
2025-03-26,ABEV3.SA,12.565510749816895,,
2025-03-27,ABEV3.SA,12.640641212463379,,
2025-03-28,ABEV3.SA,12.612466812133789,,
2025-03-31,ABEV3.SA,12.678205490112305,,
2025-04-01,ABEV3.SA,12.781509399414062,,
2025-04-02,ABEV3.SA,12.837857246398926,,
2025-04-03,ABEV3.SA,13.006900787353516,,
2025-04-04,ABEV3.SA,12.875422477722168,,
2025-04-07,ABEV3.SA,12.377685546875,,
2025-04-08,ABEV3.SA,12.434032440185547,,
2025-04-09,ABEV3.SA,12.837857246398926,,
2025-04-10,ABEV3.SA,12.77211856842041,,
2025-04-11,ABEV3.SA,12.659422874450684,,
2025-04-14,ABEV3.SA,12.847249031066895,,
2025-04-15,ABEV3.SA,12.828465461730957,,
2025-04-16,ABEV3.SA,13.044465065002441,,
2025-04-17,ABEV3.SA,13.1477689743042,,
2025-04-22,ABEV3.SA,13.16655158996582,,
2025-04-23,ABEV3.SA,13.194725036621094,,
2025-04-24,ABEV3.SA,13.288637161254883,,
2025-04-25,ABEV3.SA,13.232290267944336,,
2025-04-28,ABEV3.SA,13.4295072555542,,
2025-04-29,ABEV3.SA,13.626724243164062,,
2025-04-30,ABEV3.SA,13.683070182800293,,
2025-05-02,ABEV3.SA,13.260464668273926,,
2025-05-05,ABEV3.SA,13.204116821289062,,
2025-05-06,ABEV3.SA,13.344985008239746,,
2025-05-07,ABEV3.SA,13.401333808898926,,
2025-05-08,ABEV3.SA,13.495244979858398,,
2025-05-09,ABEV3.SA,13.410724639892578,,
2025-05-12,ABEV3.SA,13.42011547088623,,
2025-05-13,ABEV3.SA,13.382550239562988,,
2025-05-14,ABEV3.SA,13.363767623901367,,
2025-05-15,ABEV3.SA,13.53281021118164,,
2025-05-16,ABEV3.SA,13.63514518737793,,
2025-05-19,ABEV3.SA,13.568817138671875,,
2025-05-20,ABEV3.SA,13.540390968322754,,
2025-05-21,ABEV3.SA,13.41720962524414,,
2025-05-22,ABEV3.SA,13.360358238220215,,
2025-05-23,ABEV3.SA,13.493013381958008,,
2025-05-26,ABEV3.SA,13.511964797973633,,
2025-05-27,ABEV3.SA,13.455111503601074,,
2025-05-28,ABEV3.SA,13.360358238220215,,
2025-05-29,ABEV3.SA,13.322456359863281,,
2025-05-30,ABEV3.SA,13.294029235839844,,
2025-06-02,ABEV3.SA,13.18032455444336,,
2025-06-03,ABEV3.SA,13.275078773498535,,
2025-06-04,ABEV3.SA,13.34140682220459,,
2025-06-05,ABEV3.SA,13.142422676086426,,
2025-06-06,ABEV3.SA,13.34140682220459,,
2025-06-09,ABEV3.SA,13.227701187133789,,
2025-06-10,ABEV3.SA,13.076094627380371,,
2025-06-11,ABEV3.SA,13.18032455444336,,
2025-06-12,ABEV3.SA,13.076094627380371,,
2025-06-13,ABEV3.SA,12.924488067626953,,
2025-06-16,ABEV3.SA,12.962389945983887,,
2025-06-17,ABEV3.SA,12.763405799865723,,
2025-06-18,ABEV3.SA,12.782356262207031,,
2025-06-20,ABEV3.SA,12.820258140563965,,
2025-06-23,ABEV3.SA,12.848684310913086,,
2025-06-24,ABEV3.SA,12.801307678222656,,
2025-06-25,ABEV3.SA,12.460190773010254,,
2025-06-26,ABEV3.SA,12.6212739944458,,
2025-06-27,ABEV3.SA,12.460190773010254,,
2025-06-30,ABEV3.SA,12.6212739944458,,
2025-07-01,ABEV3.SA,12.678126335144043,,
2025-07-02,ABEV3.SA,12.93396282196045,,
2025-07-03,ABEV3.SA,12.772880554199219,,
2025-07-04,ABEV3.SA,12.810783386230469,,
2025-07-07,ABEV3.SA,12.697076797485352,,
2025-07-08,ABEV3.SA,12.678126335144043,,
2025-07-09,ABEV3.SA,12.611799240112305,,
2025-07-10,ABEV3.SA,12.535994529724121,,
2025-07-11,ABEV3.SA,12.630749702453613,,
2025-07-14,ABEV3.SA,12.59284782409668,,
2025-07-15,ABEV3.SA,12.573897361755371,,
2025-07-16,ABEV3.SA,12.962389945983887,,
2025-07-17,ABEV3.SA,12.75393009185791,,
2025-07-18,ABEV3.SA,12.6212739944458,,
2025-07-21,ABEV3.SA,12.716028213500977,,
2025-07-22,ABEV3.SA,12.697076797485352,,
2025-07-23,ABEV3.SA,12.877110481262207,,
2025-07-24,ABEV3.SA,12.791831970214844,,
2025-07-25,ABEV3.SA,12.763405799865723,,
2025-07-28,ABEV3.SA,12.374913215637207,,
2025-07-29,ABEV3.SA,12.498092651367188,,
2025-07-30,ABEV3.SA,12.460190773010254,,
2025-07-31,ABEV3.SA,11.806386947631836,,
2025-08-01,ABEV3.SA,11.645304679870605,,
2025-08-04,ABEV3.SA,11.75900936126709,,
2025-08-05,ABEV3.SA,11.711631774902344,,
2025-08-06,ABEV3.SA,11.825337409973145,,
2025-08-07,ABEV3.SA,11.882190704345703,,
2025-08-08,ABEV3.SA,11.721107482910156,,
2025-08-11,ABEV3.SA,11.66425609588623,,
2025-08-12,ABEV3.SA,11.588451385498047,,
2025-08-13,ABEV3.SA,11.484222412109375,,
2025-08-14,ABEV3.SA,11.3894681930542,,
2025-08-15,ABEV3.SA,11.408418655395508,,
2025-08-18,ABEV3.SA,11.436844825744629,,
2025-08-19,ABEV3.SA,11.436844825744629,,
2025-08-20,ABEV3.SA,11.465271949768066,,
2025-08-21,ABEV3.SA,11.427370071411133,,
2025-08-22,ABEV3.SA,11.569500923156738,,
2025-08-25,ABEV3.SA,11.484222412109375,,
2025-08-26,ABEV3.SA,11.541074752807617,,
2025-08-27,ABEV3.SA,11.512648582458496,,
2025-08-28,ABEV3.SA,11.607402801513672,,
2025-08-29,ABEV3.SA,11.702157020568848,,
2025-09-01,ABEV3.SA,11.654780387878418,,
2025-09-02,ABEV3.SA,11.522123336791992,,
2025-09-03,ABEV3.SA,11.275762557983398,,
2025-09-04,ABEV3.SA,11.522123336791992,,
2025-09-05,ABEV3.SA,11.607402801513672,,
2025-09-08,ABEV3.SA,11.503173828125,,
2025-09-09,ABEV3.SA,11.683206558227539,,
2025-09-10,ABEV3.SA,11.711631774902344,,
2025-09-11,ABEV3.SA,11.863240242004395,,
2025-09-12,ABEV3.SA,11.92009162902832,,
2025-09-15,ABEV3.SA,11.967469215393066,,
2025-09-16,ABEV3.SA,12.043272972106934,,
2025-09-17,ABEV3.SA,12.119075775146484,,
2025-09-18,ABEV3.SA,11.863240242004395,,
2025-09-19,ABEV3.SA,11.8916654586792,,
2025-09-22,ABEV3.SA,11.711631774902344,,
2025-09-23,ABEV3.SA,11.806386947631836,,
2025-09-24,ABEV3.SA,11.730583190917969,,
2025-09-25,ABEV3.SA,11.806386947631836,,
2025-09-26,ABEV3.SA,11.806386947631836,,
2025-09-29,ABEV3.SA,11.75900936126709,,
2025-09-30,ABEV3.SA,11.455796241760254,,
2025-10-01,ABEV3.SA,11.361041069030762,,
2025-10-02,ABEV3.SA,11.304189682006836,,
2025-10-03,ABEV3.SA,11.247336387634277,,
2025-10-06,ABEV3.SA,11.228385925292969,,
2025-10-07,ABEV3.SA,11.09572982788086,,
2025-10-08,ABEV3.SA,11.25681209564209,,
2025-10-09,ABEV3.SA,11.105205535888672,,
2025-10-10,ABEV3.SA,11.190484046936035,,
2025-10-13,ABEV3.SA,11.237860679626465,,
2025-10-14,ABEV3.SA,11.41789436340332,,
2025-10-15,ABEV3.SA,11.361041069030762,,
2025-10-16,ABEV3.SA,11.512648582458496,,
2025-10-17,ABEV3.SA,11.721107482910156,,
2025-10-20,ABEV3.SA,11.711631774902344,,
2025-10-21,ABEV3.SA,11.57897663116455,,
2025-10-22,ABEV3.SA,11.436844825744629,,
2025-10-23,ABEV3.SA,11.484222412109375,,
2025-10-24,ABEV3.SA,11.474746704101562,,
2025-10-27,ABEV3.SA,11.512648582458496,,
2025-10-28,ABEV3.SA,11.398942947387695,,
2025-10-29,ABEV3.SA,11.398942947387695,,
2025-10-30,ABEV3.SA,11.929567337036133,,
2025-10-31,ABEV3.SA,12.043272972106934,,
2025-11-03,ABEV3.SA,12.232781410217285,,
2025-11-04,ABEV3.SA,12.469666481018066,,
2025-11-05,ABEV3.SA,12.488617897033691,,
2025-11-06,ABEV3.SA,12.393863677978516,,
2025-11-07,ABEV3.SA,12.43176555633545,,
2025-11-10,ABEV3.SA,12.488617897033691,,
2025-11-11,ABEV3.SA,12.877110481262207,,
2025-11-12,ABEV3.SA,12.905536651611328,,
2025-11-13,ABEV3.SA,12.91501235961914,,
2025-11-14,ABEV3.SA,12.971864700317383,,
2025-11-17,ABEV3.SA,13.038192749023438,,
2025-11-18,ABEV3.SA,13.019241333007812,,
2025-11-19,ABEV3.SA,12.706552505493164,,
2025-11-21,ABEV3.SA,12.905536651611328,,
2025-11-24,ABEV3.SA,13.04766845703125,,
2025-11-25,ABEV3.SA,13.019241333007812,,
2025-11-26,ABEV3.SA,12.952914237976074,,
2025-11-27,ABEV3.SA,13.00029182434082,,
2025-11-28,ABEV3.SA,13.132946968078613,,
2025-12-01,ABEV3.SA,13.275078773498535,,
2025-12-02,ABEV3.SA,13.265603065490723,,
2025-12-03,ABEV3.SA,13.407733917236328,,
2025-12-04,ABEV3.SA,13.218225479125977,,
2025-12-05,ABEV3.SA,12.896060943603516,,
2025-12-08,ABEV3.SA,12.905536651611328,,
2025-12-09,ABEV3.SA,12.924488067626953,,
2025-12-10,ABEV3.SA,12.88658618927002,,
2025-12-11,ABEV3.SA,13.057143211364746,,
2025-12-12,ABEV3.SA,13.303504943847656,,
2025-12-15,ABEV3.SA,13.530915260314941,,
2025-12-16,ABEV3.SA,13.41720962524414,,
2025-12-17,ABEV3.SA,13.284554481506348,,
2025-12-18,ABEV3.SA,13.189800262451172,,
2025-12-19,ABEV3.SA,13.279999732971191,,
2025-12-22,ABEV3.SA,13.119999885559082,,
2025-12-23,ABEV3.SA,13.470000267028809,,
2025-12-26,ABEV3.SA,13.720000267028809,,
2025-12-29,ABEV3.SA,13.869999885559082,,
2025-12-30,ABEV3.SA,13.859999656677246,,
2026-01-02,ABEV3.SA,13.649999618530273,,
2026-01-05,ABEV3.SA,13.710000038146973,,
2026-01-06,ABEV3.SA,13.699999809265137,,
2026-01-07,ABEV3.SA,13.699999809265137,,
2026-01-08,ABEV3.SA,13.640000343322754,,
2026-01-09,ABEV3.SA,13.899999618530273,,
2026-01-12,ABEV3.SA,13.899999618530273,,
2026-01-13,ABEV3.SA,13.90999984741211,,
2026-01-14,ABEV3.SA,14.199999809265137,,
2026-01-15,ABEV3.SA,14.039999961853027,,
2026-01-16,ABEV3.SA,14.100000381469727,,
2026-01-19,ABEV3.SA,14.09000015258789,,
2026-01-20,ABEV3.SA,14.069999694824219,,
2026-01-21,ABEV3.SA,14.3100004196167,,
2026-01-22,ABEV3.SA,14.59000015258789,,
2026-01-23,ABEV3.SA,14.899999618530273,,
2026-01-26,ABEV3.SA,15.050000190734863,,
2026-01-27,ABEV3.SA,14.869999885559082,,
2026-01-28,ABEV3.SA,14.949999809265137,,
2026-01-29,ABEV3.SA,14.760000228881836,,
2026-01-30,ABEV3.SA,14.850000381469727,,
2026-02-02,ABEV3.SA,15.0600004196167,,
2026-02-03,ABEV3.SA,15.380000114440918,,
2026-02-04,ABEV3.SA,15.300000190734863,,
2026-02-05,ABEV3.SA,15.479999542236328,,
2026-02-06,ABEV3.SA,15.420000076293945,,
2026-02-09,ABEV3.SA,15.390000343322754,,
2025-01-02,ASAI3.SA,,5.281979084014893,
2025-01-03,ASAI3.SA,,5.252903938293457,
2025-01-06,ASAI3.SA,,5.514580249786377,
2025-01-07,ASAI3.SA,,5.714285850524902,
2025-01-08,ASAI3.SA,,5.556649684906006,
2025-01-09,ASAI3.SA,,5.576354026794434,
2025-01-10,ASAI3.SA,,5.536945343017578,
2025-01-13,ASAI3.SA,,5.438423156738281,
2025-01-14,ASAI3.SA,,5.320197105407715,
2025-01-15,ASAI3.SA,,5.655171871185303,
2025-01-16,ASAI3.SA,,5.566502094268799,
2025-01-17,ASAI3.SA,,5.73399019241333,
2025-01-20,ASAI3.SA,,6.009851932525635,
2025-01-21,ASAI3.SA,,6.029556751251221,
2025-01-22,ASAI3.SA,,6.236452579498291,
2025-01-23,ASAI3.SA,,6.108373641967773,
2025-01-24,ASAI3.SA,,6.059113502502441,
2025-01-27,ASAI3.SA,,6.522167205810547,
2025-01-28,ASAI3.SA,,6.42364501953125,
2025-01-29,ASAI3.SA,,6.403940677642822,
2025-01-30,ASAI3.SA,,6.738916397094727,
2025-01-31,ASAI3.SA,,6.6403937339782715,
2025-02-03,ASAI3.SA,,6.758620738983154,
2025-02-04,ASAI3.SA,,6.660098552703857,
2025-02-05,ASAI3.SA,,6.738916397094727,
2025-02-06,ASAI3.SA,,6.876846790313721,
2025-02-07,ASAI3.SA,,6.95566463470459,
2025-02-10,ASAI3.SA,,6.896551132202148,
2025-02-11,ASAI3.SA,,7.024630546569824,
2025-02-12,ASAI3.SA,,7.024630546569824,
2025-02-13,ASAI3.SA,,7.192118167877197,
2025-02-14,ASAI3.SA,,7.369458198547363,
2025-02-17,ASAI3.SA,,7.665024280548096,
2025-02-18,ASAI3.SA,,7.22167444229126,
2025-02-19,ASAI3.SA,,6.995073318481445,
2025-02-20,ASAI3.SA,,6.876846790313721,
2025-02-21,ASAI3.SA,,6.837438106536865,
2025-02-24,ASAI3.SA,,6.699507713317871,
2025-02-25,ASAI3.SA,,7.014777660369873,
2025-02-26,ASAI3.SA,,6.935960292816162,
2025-02-27,ASAI3.SA,,6.768472671508789,
2025-02-28,ASAI3.SA,,6.571428298950195,
2025-03-05,ASAI3.SA,,6.472906589508057,
2025-03-06,ASAI3.SA,,6.344827175140381,
2025-03-07,ASAI3.SA,,6.699507713317871,
2025-03-10,ASAI3.SA,,6.965517044067383,
2025-03-11,ASAI3.SA,,6.995073318481445,
2025-03-12,ASAI3.SA,,7.034482479095459,
2025-03-13,ASAI3.SA,,7.054186820983887,
2025-03-14,ASAI3.SA,,7.4384236335754395,
2025-03-17,ASAI3.SA,,7.615763187408447,
2025-03-18,ASAI3.SA,,7.4384236335754395,
2025-03-19,ASAI3.SA,,7.625615119934082,
2025-03-20,ASAI3.SA,,7.536945343017578,
2025-03-21,ASAI3.SA,,7.46798038482666,
2025-03-24,ASAI3.SA,,7.399014949798584,
2025-03-25,ASAI3.SA,,7.487684726715088,
2025-03-26,ASAI3.SA,,7.881772994995117,
2025-03-27,ASAI3.SA,,7.911329746246338,
2025-03-28,ASAI3.SA,,7.763546466827393,
2025-03-31,ASAI3.SA,,7.4285712242126465,
2025-04-01,ASAI3.SA,,7.842364311218262,
2025-04-02,ASAI3.SA,,7.950738430023193,
2025-04-03,ASAI3.SA,,8.31527042388916,
2025-04-04,ASAI3.SA,,7.8620686531066895,
2025-04-07,ASAI3.SA,,7.89162540435791,
2025-04-08,ASAI3.SA,,7.556649684906006,
2025-04-09,ASAI3.SA,,8.078817367553711,
2025-04-10,ASAI3.SA,,8.098522186279297,
2025-04-11,ASAI3.SA,,8.177339553833008,
2025-04-14,ASAI3.SA,,8.29556655883789,
2025-04-15,ASAI3.SA,,8.167487144470215,
2025-04-16,ASAI3.SA,,8.177339553833008,
2025-04-17,ASAI3.SA,,8.137930870056152,
2025-04-22,ASAI3.SA,,8.256156921386719,
2025-04-23,ASAI3.SA,,8.571428298950195,
2025-04-24,ASAI3.SA,,8.985221862792969,
2025-04-25,ASAI3.SA,,9.103447914123535,
2025-04-28,ASAI3.SA,,9.088197708129883,
2025-04-29,ASAI3.SA,,8.979653358459473,
2025-04-30,ASAI3.SA,,9.068462371826172,
2025-05-02,ASAI3.SA,,9.048727035522461,
2025-05-05,ASAI3.SA,,9.147404670715332,
2025-05-06,ASAI3.SA,,8.910578727722168,
2025-05-07,ASAI3.SA,,9.009256362915039,
2025-05-08,ASAI3.SA,,9.27568531036377,
2025-05-09,ASAI3.SA,,9.601320266723633,
2025-05-12,ASAI3.SA,,9.463172912597656,
2025-05-13,ASAI3.SA,,9.413833618164062,
2025-05-14,ASAI3.SA,,9.29542064666748,
2025-05-15,ASAI3.SA,,9.51251220703125,
2025-05-16,ASAI3.SA,,9.798676490783691,
2025-05-19,ASAI3.SA,,10.035502433776855,
2025-05-20,ASAI3.SA,,9.729601860046387,
2025-05-21,ASAI3.SA,,9.581585884094238,
2025-05-22,ASAI3.SA,,10.104576110839844,
2025-05-23,ASAI3.SA,,9.917089462280273,
2025-05-26,ASAI3.SA,,10.509153366088867,
2025-05-27,ASAI3.SA,,11.308442115783691,
2025-05-28,ASAI3.SA,,11.338045120239258,
2025-05-29,ASAI3.SA,,11.11108684539795,
2025-05-30,ASAI3.SA,,11.071616172790527,
2025-06-02,ASAI3.SA,,11.219632148742676,
2025-06-03,ASAI3.SA,,11.70315170288086,
2025-06-04,ASAI3.SA,,11.347912788391113,
2025-06-05,ASAI3.SA,,11.397252082824707,
2025-06-06,ASAI3.SA,,11.061748504638672,
2025-06-09,ASAI3.SA,,10.972938537597656,
2025-06-10,ASAI3.SA,,10.86439323425293,
2025-06-11,ASAI3.SA,,11.071616172790527,
2025-06-12,ASAI3.SA,,11.0518798828125,
2025-06-13,ASAI3.SA,,10.765715599060059,
2025-06-16,ASAI3.SA,,11.180161476135254,
2025-06-17,ASAI3.SA,,10.953203201293945,
2025-06-18,ASAI3.SA,,10.893996238708496,
2025-06-20,ASAI3.SA,,10.637434959411621,
2025-06-23,ASAI3.SA,,10.667038917541504,
2025-06-24,ASAI3.SA,,10.844657897949219,
2025-06-25,ASAI3.SA,,10.755847930908203,
2025-06-26,ASAI3.SA,,10.86439323425293,
2025-06-27,ASAI3.SA,,10.893996238708496,
2025-06-30,ASAI3.SA,,11.11108684539795,
2025-07-01,ASAI3.SA,,10.755847930908203,
2025-07-02,ASAI3.SA,,9.94669246673584,
2025-07-03,ASAI3.SA,,10.1144437789917,
2025-07-04,ASAI3.SA,,10.163783073425293,
2025-07-07,ASAI3.SA,,10.203253746032715,
2025-07-08,ASAI3.SA,,10.341402053833008,
2025-07-09,ASAI3.SA,,10.232856750488281,
2025-07-10,ASAI3.SA,,10.074973106384277,
2025-07-11,ASAI3.SA,,9.848014831542969,
2025-07-14,ASAI3.SA,,9.769072532653809,
2025-07-15,ASAI3.SA,,10.045370101928711,
2025-07-16,ASAI3.SA,,10.074973106384277,
2025-07-17,ASAI3.SA,,9.926957130432129,
2025-07-18,ASAI3.SA,,9.591453552246094,
2025-07-21,ASAI3.SA,,9.601320266723633,
2025-07-22,ASAI3.SA,,9.502643585205078,
2025-07-23,ASAI3.SA,,9.551982879638672,
2025-07-24,ASAI3.SA,,9.43356990814209,
2025-07-25,ASAI3.SA,,9.571717262268066,
2025-07-28,ASAI3.SA,,9.403965950012207,
2025-07-29,ASAI3.SA,,9.43356990814209,
2025-07-30,ASAI3.SA,,9.630924224853516,
2025-07-31,ASAI3.SA,,9.285552978515625,
2025-08-01,ASAI3.SA,,9.571717262268066,
2025-08-04,ASAI3.SA,,9.729601860046387,
2025-08-05,ASAI3.SA,,9.482908248901367,
2025-08-06,ASAI3.SA,,10.015766143798828,
2025-08-07,ASAI3.SA,,9.926957130432129,
2025-08-08,ASAI3.SA,,9.719734191894531,
2025-08-11,ASAI3.SA,,9.62105655670166,
2025-08-12,ASAI3.SA,,10.311799049377441,
2025-08-13,ASAI3.SA,,9.798676490783691,
2025-08-14,ASAI3.SA,,9.917089462280273,
2025-08-15,ASAI3.SA,,9.907221794128418,
2025-08-18,ASAI3.SA,,10.153915405273438,
2025-08-19,ASAI3.SA,,9.749337196350098,
2025-08-20,ASAI3.SA,,9.749337196350098,
2025-08-21,ASAI3.SA,,9.690130233764648,
2025-08-22,ASAI3.SA,,9.966428756713867,
2025-08-25,ASAI3.SA,,9.897353172302246,
2025-08-26,ASAI3.SA,,9.818411827087402,
2025-08-27,ASAI3.SA,,9.907221794128418,
2025-08-28,ASAI3.SA,,10.331535339355469,
2025-08-29,ASAI3.SA,,10.380873680114746,
2025-09-01,ASAI3.SA,,10.301931381225586,
2025-09-02,ASAI3.SA,,10.074973106384277,
2025-09-03,ASAI3.SA,,9.936824798583984,
2025-09-04,ASAI3.SA,,10.045370101928711,
2025-09-05,ASAI3.SA,,10.361138343811035,
2025-09-08,ASAI3.SA,,9.976295471191406,
2025-09-09,ASAI3.SA,,9.80854320526123,
2025-09-10,ASAI3.SA,,9.80854320526123,
2025-09-11,ASAI3.SA,,9.778940200805664,
2025-09-12,ASAI3.SA,,9.749337196350098,
2025-09-15,ASAI3.SA,,9.996030807495117,
2025-09-16,ASAI3.SA,,9.976295471191406,
2025-09-17,ASAI3.SA,,10.430212020874023,
2025-09-18,ASAI3.SA,,10.144046783447266,
2025-09-19,ASAI3.SA,,9.986163139343262,
2025-09-22,ASAI3.SA,,9.670395851135254,
2025-09-23,ASAI3.SA,,9.69999885559082,
2025-09-24,ASAI3.SA,,9.561849594116211,
2025-09-25,ASAI3.SA,,9.048727035522461,
2025-09-26,ASAI3.SA,,9.226346969604492,
2025-09-29,ASAI3.SA,,9.315155982971191,
2025-09-30,ASAI3.SA,,9.384230613708496,
2025-10-01,ASAI3.SA,,9.29542064666748,
2025-10-02,ASAI3.SA,,9.137537002563477,
2025-10-03,ASAI3.SA,,8.94018268585205,
2025-10-06,ASAI3.SA,,8.861239433288574,
2025-10-07,ASAI3.SA,,8.614545822143555,
2025-10-08,ASAI3.SA,,8.535603523254395,
2025-10-09,ASAI3.SA,,8.259306907653809,
2025-10-10,ASAI3.SA,,8.11129093170166,
2025-10-13,ASAI3.SA,,7.943539142608643,
2025-10-14,ASAI3.SA,,8.081686973571777,
2025-10-15,ASAI3.SA,,8.565207481384277,
2025-10-16,ASAI3.SA,,8.259306907653809,
2025-10-17,ASAI3.SA,,8.308646202087402,
2025-10-20,ASAI3.SA,,8.308646202087402,
2025-10-21,ASAI3.SA,,8.35798454284668,
2025-10-22,ASAI3.SA,,7.7659196853637695,
2025-10-23,ASAI3.SA,,8.012613296508789,
2025-10-24,ASAI3.SA,,8.121158599853516,
2025-10-27,ASAI3.SA,,8.29877758026123,
2025-10-28,ASAI3.SA,,8.318513870239258,
2025-10-29,ASAI3.SA,,8.387587547302246,
2025-10-30,ASAI3.SA,,8.446794509887695,
2025-10-31,ASAI3.SA,,8.486266136169434,
2025-11-03,ASAI3.SA,,8.417190551757812,
2025-11-04,ASAI3.SA,,8.367852210998535,
2025-11-05,ASAI3.SA,,8.831636428833008,
2025-11-06,ASAI3.SA,,8.654017448425293,
2025-11-07,ASAI3.SA,,8.95004940032959,
2025-11-10,ASAI3.SA,,9.019124031066895,
2025-11-11,ASAI3.SA,,9.51251220703125,
2025-11-12,ASAI3.SA,,9.5421142578125,
2025-11-13,ASAI3.SA,,9.394099235534668,
2025-11-14,ASAI3.SA,,9.364495277404785,
2025-11-17,ASAI3.SA,,9.611188888549805,
2025-11-18,ASAI3.SA,,9.394099235534668,
2025-11-19,ASAI3.SA,,9.107933044433594,
2025-11-21,ASAI3.SA,,8.890843391418457,
2025-11-24,ASAI3.SA,,9.236213684082031,
2025-11-25,ASAI3.SA,,9.27568531036377,
2025-11-26,ASAI3.SA,,9.86775016784668,
2025-11-27,ASAI3.SA,,9.926957130432129,
2025-11-28,ASAI3.SA,,9.325023651123047,
2025-12-01,ASAI3.SA,,9.127669334411621,
2025-12-02,ASAI3.SA,,9.246082305908203,
2025-12-03,ASAI3.SA,,9.009256362915039,
2025-12-04,ASAI3.SA,,9.364495277404785,
2025-12-05,ASAI3.SA,,8.45666217803955,
2025-12-08,ASAI3.SA,,8.081686973571777,
2025-12-09,ASAI3.SA,,8.032349586486816,
2025-12-10,ASAI3.SA,,7.904068470001221,
2025-12-11,ASAI3.SA,,7.7659196853637695,
2025-12-12,ASAI3.SA,,8.09155559539795,
2025-12-15,ASAI3.SA,,7.884332180023193,
2025-12-16,ASAI3.SA,,7.578432083129883,
2025-12-17,ASAI3.SA,,7.292267322540283,
2025-12-18,ASAI3.SA,,7.104780197143555,
2025-12-19,ASAI3.SA,,7.134383678436279,
2025-12-22,ASAI3.SA,,7.006102561950684,
2025-12-23,ASAI3.SA,,7.124515533447266,
2025-12-26,ASAI3.SA,,7.163987159729004,
2025-12-29,ASAI3.SA,,7.144250869750977,
2025-12-30,ASAI3.SA,,7.183722496032715,
2026-01-02,ASAI3.SA,,7.183722496032715,
2026-01-05,ASAI3.SA,,7.371209144592285,
2026-01-06,ASAI3.SA,,7.7856550216674805,
2026-01-07,ASAI3.SA,,7.309999942779541,
2026-01-08,ASAI3.SA,,7.349999904632568,
2026-01-09,ASAI3.SA,,7.039999961853027,
2026-01-12,ASAI3.SA,,7.360000133514404,
2026-01-13,ASAI3.SA,,7.25,
2026-01-14,ASAI3.SA,,7.349999904632568,
2026-01-15,ASAI3.SA,,7.289999961853027,
2026-01-16,ASAI3.SA,,7.449999809265137,
2026-01-19,ASAI3.SA,,7.449999809265137,
2026-01-20,ASAI3.SA,,7.480000019073486,
2026-01-21,ASAI3.SA,,7.71999979019165,
2026-01-22,ASAI3.SA,,8.0,
2026-01-23,ASAI3.SA,,8.050000190734863,
2026-01-26,ASAI3.SA,,8.229999542236328,
2026-01-27,ASAI3.SA,,8.680000305175781,
2026-01-28,ASAI3.SA,,8.949999809265137,
2026-01-29,ASAI3.SA,,8.670000076293945,
2026-01-30,ASAI3.SA,,8.569999694824219,
2026-02-02,ASAI3.SA,,8.670000076293945,
2026-02-03,ASAI3.SA,,8.850000381469727,
2026-02-04,ASAI3.SA,,8.59000015258789,
2026-02-05,ASAI3.SA,,8.699999809265137,
2026-02-06,ASAI3.SA,,8.779999732971191,
2026-02-09,ASAI3.SA,,8.779999732971191,
2025-01-02,AXIA3.SA,,,31.018430709838867
2025-01-03,AXIA3.SA,,,30.607894897460938
2025-01-06,AXIA3.SA,,,31.00018310546875
2025-01-07,AXIA3.SA,,,31.173521041870117
2025-01-08,AXIA3.SA,,,31.11878204345703
2025-01-09,AXIA3.SA,,,31.474586486816406
2025-01-10,AXIA3.SA,,,31.1552791595459
2025-01-13,AXIA3.SA,,,30.991060256958008
2025-01-14,AXIA3.SA,,,31.109663009643555
2025-01-15,AXIA3.SA,,,32.0858268737793
2025-01-16,AXIA3.SA,,,31.456336975097656
2025-01-17,AXIA3.SA,,,31.793888092041016
2025-01-20,AXIA3.SA,,,31.948984146118164
2025-01-21,AXIA3.SA,,,32.14056396484375
2025-01-22,AXIA3.SA,,,32.04021453857422
2025-01-23,AXIA3.SA,,,31.821260452270508
2025-01-24,AXIA3.SA,,,31.903369903564453
2025-01-27,AXIA3.SA,,,32.989013671875
2025-01-28,AXIA3.SA,,,32.824798583984375
2025-01-29,AXIA3.SA,,,32.286537170410156
2025-01-30,AXIA3.SA,,,33.2991943359375
2025-01-31,AXIA3.SA,,,32.92515182495117
2025-02-03,AXIA3.SA,,,33.344810485839844
2025-02-04,AXIA3.SA,,,32.943397521972656
2025-02-05,AXIA3.SA,,,32.77006149291992
2025-02-06,AXIA3.SA,,,32.38689041137695
2025-02-07,AXIA3.SA,,,31.702661514282227
2025-02-10,AXIA3.SA,,,32.27741622924805
2025-02-11,AXIA3.SA,,,32.89778137207031
2025-02-12,AXIA3.SA,,,32.72444152832031
2025-02-13,AXIA3.SA,,,33.162349700927734
2025-02-14,AXIA3.SA,,,34.24799346923828
2025-02-17,AXIA3.SA,,,35.29714584350586
2025-02-18,AXIA3.SA,,,34.8592414855957
2025-02-19,AXIA3.SA,,,34.59467315673828
2025-02-20,AXIA3.SA,,,34.35747528076172
2025-02-21,AXIA3.SA,,,34.29361343383789
2025-02-24,AXIA3.SA,,,33.82833480834961
2025-02-25,AXIA3.SA,,,34.33010482788086
2025-02-26,AXIA3.SA,,,34.165889739990234
2025-02-27,AXIA3.SA,,,33.983428955078125
2025-02-28,AXIA3.SA,,,34.868370056152344
2025-03-05,AXIA3.SA,,,34.88661575317383
2025-03-06,AXIA3.SA,,,35.278900146484375
2025-03-07,AXIA3.SA,,,35.56171798706055
2025-03-10,AXIA3.SA,,,35.826290130615234
2025-03-11,AXIA3.SA,,,35.57084274291992
2025-03-12,AXIA3.SA,,,35.69856262207031
2025-03-13,AXIA3.SA,,,36.46490478515625
2025-03-14,AXIA3.SA,,,36.838951110839844
2025-03-17,AXIA3.SA,,,36.88456344604492
2025-03-18,AXIA3.SA,,,37.09439468383789
2025-03-19,AXIA3.SA,,,38.26214599609375
2025-03-20,AXIA3.SA,,,38.50846862792969
2025-03-21,AXIA3.SA,,,38.25302505493164
2025-03-24,AXIA3.SA,,,38.02494430541992
2025-03-25,AXIA3.SA,,,38.17091369628906
2025-03-26,AXIA3.SA,,,37.961082458496094
2025-03-27,AXIA3.SA,,,38.01582336425781
2025-03-28,AXIA3.SA,,,37.450191497802734
2025-03-31,AXIA3.SA,,,37.21299743652344
2025-04-01,AXIA3.SA,,,37.21299743652344
2025-04-02,AXIA3.SA,,,37.130889892578125
2025-04-03,AXIA3.SA,,,37.742130279541016
2025-04-04,AXIA3.SA,,,37.27685546875
2025-04-07,AXIA3.SA,,,37.09439468383789
2025-04-08,AXIA3.SA,,,37.450191497802734
2025-04-09,AXIA3.SA,,,37.97020721435547
2025-04-10,AXIA3.SA,,,37.86985397338867
2025-04-11,AXIA3.SA,,,37.82423782348633
2025-04-14,AXIA3.SA,,,38.572330474853516
2025-04-15,AXIA3.SA,,,38.079689025878906
2025-04-16,AXIA3.SA,,,37.42282485961914
2025-04-17,AXIA3.SA,,,38.43548583984375
2025-04-22,AXIA3.SA,,,38.37162780761719
2025-04-23,AXIA3.SA,,,38.79128646850586
2025-04-24,AXIA3.SA,,,40.08675765991211
2025-04-25,AXIA3.SA,,,39.62147903442383
2025-04-28,AXIA3.SA,,,39.74008560180664
2025-04-29,AXIA3.SA,,,40.059391021728516
2025-04-30,AXIA3.SA,,,40.93036651611328
2025-05-02,AXIA3.SA,,,41.433265686035156
2025-05-05,AXIA3.SA,,,40.231895446777344
2025-05-06,AXIA3.SA,,,40.15739059448242
2025-05-07,AXIA3.SA,,,39.93388366699219
2025-05-08,AXIA3.SA,,,40.43678283691406
2025-05-09,AXIA3.SA,,,40.49266052246094
2025-05-12,AXIA3.SA,,,39.952510833740234
2025-05-13,AXIA3.SA,,,40.35296630859375
2025-05-14,AXIA3.SA,,,40.21327209472656
2025-05-15,AXIA3.SA,,,38.91877365112305
2025-05-16,AXIA3.SA,,,38.965335845947266
2025-05-19,AXIA3.SA,,,39.300601959228516
2025-05-20,AXIA3.SA,,,38.92808532714844
2025-05-21,AXIA3.SA,,,38.47175216674805
2025-05-22,AXIA3.SA,,,38.59281539916992
2025-05-23,AXIA3.SA,,,38.834957122802734
2025-05-26,AXIA3.SA,,,38.86289596557617
2025-05-27,AXIA3.SA,,,39.384422302246094
2025-05-28,AXIA3.SA,,,38.77907943725586
2025-05-29,AXIA3.SA,,,39.14228057861328
2025-05-30,AXIA3.SA,,,39.077091217041016
2025-06-02,AXIA3.SA,,,38.70457458496094
2025-06-03,AXIA3.SA,,,38.844268798828125
2025-06-04,AXIA3.SA,,,38.667320251464844
2025-06-05,AXIA3.SA,,,38.5462532043457
2025-06-06,AXIA3.SA,,,38.47175216674805
2025-06-09,AXIA3.SA,,,38.20167922973633
2025-06-10,AXIA3.SA,,,38.40656280517578
2025-06-11,AXIA3.SA,,,38.3599967956543
2025-06-12,AXIA3.SA,,,38.57419204711914
2025-06-13,AXIA3.SA,,,38.46243667602539
2025-06-16,AXIA3.SA,,,38.90945816040039
2025-06-17,AXIA3.SA,,,38.59281539916992
2025-06-18,AXIA3.SA,,,37.76396942138672
2025-06-20,AXIA3.SA,,,37.29832077026367
2025-06-23,AXIA3.SA,,,37.382137298583984
2025-06-24,AXIA3.SA,,,37.47526550292969
2025-06-25,AXIA3.SA,,,37.0189323425293
2025-06-26,AXIA3.SA,,,37.13068771362305
2025-06-27,AXIA3.SA,,,36.97236633300781
2025-06-30,AXIA3.SA,,,37.52183151245117
2025-07-01,AXIA3.SA,,,37.65221405029297
2025-07-02,AXIA3.SA,,,37.34488296508789
2025-07-03,AXIA3.SA,,,38.03404235839844
2025-07-04,AXIA3.SA,,,38.14579391479492
2025-07-07,AXIA3.SA,,,37.34488296508789
2025-07-08,AXIA3.SA,,,37.07481002807617
2025-07-09,AXIA3.SA,,,36.97236633300781
2025-07-10,AXIA3.SA,,,36.711605072021484
2025-07-11,AXIA3.SA,,,36.60916519165039
2025-07-14,AXIA3.SA,,,36.0597038269043
2025-07-15,AXIA3.SA,,,36.590538024902344
2025-07-16,AXIA3.SA,,,36.46946716308594
2025-07-17,AXIA3.SA,,,36.45083999633789
2025-07-18,AXIA3.SA,,,36.28321075439453
2025-07-21,AXIA3.SA,,,36.385650634765625
2025-07-22,AXIA3.SA,,,35.985198974609375
2025-07-23,AXIA3.SA,,,36.115577697753906
2025-07-24,AXIA3.SA,,,35.808250427246094
2025-07-25,AXIA3.SA,,,35.51955032348633
2025-07-28,AXIA3.SA,,,35.02596664428711
2025-07-29,AXIA3.SA,,,35.20290756225586
2025-07-30,AXIA3.SA,,,35.547489166259766
2025-07-31,AXIA3.SA,,,35.212223052978516
2025-08-01,AXIA3.SA,,,35.27741241455078
2025-08-04,AXIA3.SA,,,35.28672409057617
2025-08-05,AXIA3.SA,,,35.15634536743164
2025-08-06,AXIA3.SA,,,36.385650634765625
2025-08-07,AXIA3.SA,,,39.83143997192383
2025-08-08,AXIA3.SA,,,41.237693786621094
2025-08-11,AXIA3.SA,,,42.029293060302734
2025-08-12,AXIA3.SA,,,42.373870849609375
2025-08-13,AXIA3.SA,,,41.8709716796875
2025-08-14,AXIA3.SA,,,41.237693786621094
2025-08-15,AXIA3.SA,,,41.209754943847656
2025-08-18,AXIA3.SA,,,41.01350784301758
2025-08-19,AXIA3.SA,,,40.31523895263672
2025-08-20,AXIA3.SA,,,40.848636627197266
2025-08-21,AXIA3.SA,,,41.11048889160156
2025-08-22,AXIA3.SA,,,41.3917350769043
2025-08-25,AXIA3.SA,,,42.01241683959961
2025-08-26,AXIA3.SA,,,41.67298126220703
2025-08-27,AXIA3.SA,,,42.18698501586914
2025-08-28,AXIA3.SA,,,43.0792121887207
2025-08-29,AXIA3.SA,,,43.66110610961914
2025-09-01,AXIA3.SA,,,43.64170837402344
2025-09-02,AXIA3.SA,,,43.60291290283203
2025-09-03,AXIA3.SA,,,43.15679931640625
2025-09-04,AXIA3.SA,,,43.54472732543945
2025-09-05,AXIA3.SA,,,44.165409088134766
2025-09-08,AXIA3.SA,,,43.767784118652344
2025-09-09,AXIA3.SA,,,44.15570831298828
2025-09-10,AXIA3.SA,,,44.25269317626953
2025-09-11,AXIA3.SA,,,44.9024658203125
2025-09-12,AXIA3.SA,,,44.9024658203125
2025-09-15,AXIA3.SA,,,46.26021194458008
2025-09-16,AXIA3.SA,,,46.51236343383789
2025-09-17,AXIA3.SA,,,47.32700729370117
2025-09-18,AXIA3.SA,,,47.52096939086914
2025-09-19,AXIA3.SA,,,49.02418518066406
2025-09-22,AXIA3.SA,,,48.2386360168457
2025-09-23,AXIA3.SA,,,49.16965866088867
2025-09-24,AXIA3.SA,,,49.16965866088867
2025-09-25,AXIA3.SA,,,48.87871551513672
2025-09-26,AXIA3.SA,,,49.15995788574219
2025-09-29,AXIA3.SA,,,51.08989334106445
2025-09-30,AXIA3.SA,,,50.934722900390625
2025-10-01,AXIA3.SA,,,51.22566604614258
2025-10-02,AXIA3.SA,,,50.81834411621094
2025-10-03,AXIA3.SA,,,50.80864715576172
2025-10-06,AXIA3.SA,,,50.85713577270508
2025-10-07,AXIA3.SA,,,50.03279495239258
2025-10-08,AXIA3.SA,,,50.59528350830078
2025-10-09,AXIA3.SA,,,50.44011306762695
2025-10-10,AXIA3.SA,,,50.381927490234375
2025-10-13,AXIA3.SA,,,50.459510803222656
2025-10-14,AXIA3.SA,,,50.27524948120117
2025-10-15,AXIA3.SA,,,51.44872283935547
2025-10-16,AXIA3.SA,,,51.681480407714844
2025-10-17,AXIA3.SA,,,52.98103332519531
2025-10-20,AXIA3.SA,,,53.27198028564453
2025-10-21,AXIA3.SA,,,53.27198028564453
2025-10-22,AXIA3.SA,,,52.47673034667969
2025-10-23,AXIA3.SA,,,52.4670295715332
2025-10-24,AXIA3.SA,,,52.51552200317383
2025-10-27,AXIA3.SA,,,52.7094841003418
2025-10-28,AXIA3.SA,,,52.631900787353516
2025-10-29,AXIA3.SA,,,53.281673431396484
2025-10-30,AXIA3.SA,,,53.87326431274414
2025-10-31,AXIA3.SA,,,54.03813552856445
2025-11-03,AXIA3.SA,,,54.51333999633789
2025-11-04,AXIA3.SA,,,54.95945739746094
2025-11-05,AXIA3.SA,,,56.01655578613281
2025-11-06,AXIA3.SA,,,56.443275451660156
2025-11-07,AXIA3.SA,,,56.90878677368164
2025-11-10,AXIA3.SA,,,57.704036712646484
2025-11-11,AXIA3.SA,,,59.15876007080078
2025-11-12,AXIA3.SA,,,59.83763122558594
2025-11-13,AXIA3.SA,,,59.74064636230469
2025-11-14,AXIA3.SA,,,60.71046447753906
2025-11-17,AXIA3.SA,,,61.04999923706055
2025-11-18,AXIA3.SA,,,61.310001373291016
2025-11-19,AXIA3.SA,,,60.81999969482422
2025-11-21,AXIA3.SA,,,61.029998779296875
2025-11-24,AXIA3.SA,,,61.58000183105469
2025-11-25,AXIA3.SA,,,62.560001373291016
2025-11-26,AXIA3.SA,,,64.0999984741211
2025-11-27,AXIA3.SA,,,63.20000076293945
2025-11-28,AXIA3.SA,,,62.5
2025-12-01,AXIA3.SA,,,62.68000030517578
2025-12-02,AXIA3.SA,,,63.84000015258789
2025-12-03,AXIA3.SA,,,64.69000244140625
2025-12-04,AXIA3.SA,,,66.6500015258789
2025-12-05,AXIA3.SA,,,63.099998474121094
2025-12-08,AXIA3.SA,,,63.81999969482422
2025-12-09,AXIA3.SA,,,64.79000091552734
2025-12-10,AXIA3.SA,,,63.560001373291016
2025-12-11,AXIA3.SA,,,62.84000015258789
2025-12-12,AXIA3.SA,,,63.88999938964844
2025-12-15,AXIA3.SA,,,65.1500015258789
2025-12-16,AXIA3.SA,,,63.119998931884766
2025-12-17,AXIA3.SA,,,62.40999984741211
2025-12-18,AXIA3.SA,,,62.34000015258789
2025-12-19,AXIA3.SA,,,62.79999923706055
2025-12-22,AXIA3.SA,,,48.650001525878906
2025-12-23,AXIA3.SA,,,49.95000076293945
2025-12-26,AXIA3.SA,,,49.880001068115234
2025-12-29,AXIA3.SA,,,49.900001525878906
2025-12-30,AXIA3.SA,,,50.61000061035156
2026-01-02,AXIA3.SA,,,50.0
2026-01-05,AXIA3.SA,,,50.25
2026-01-06,AXIA3.SA,,,51.959999084472656
2026-01-07,AXIA3.SA,,,49.5099983215332
2026-01-08,AXIA3.SA,,,51.20000076293945
2026-01-09,AXIA3.SA,,,51.349998474121094
2026-01-12,AXIA3.SA,,,50.70000076293945
2026-01-13,AXIA3.SA,,,49.470001220703125
2026-01-14,AXIA3.SA,,,50.93000030517578
2026-01-15,AXIA3.SA,,,51.38999938964844
2026-01-16,AXIA3.SA,,,50.5
2026-01-19,AXIA3.SA,,,50.79999923706055
2026-01-20,AXIA3.SA,,,51.29999923706055
2026-01-21,AXIA3.SA,,,52.83000183105469
2026-01-22,AXIA3.SA,,,54.689998626708984
2026-01-23,AXIA3.SA,,,54.369998931884766
2026-01-26,AXIA3.SA,,,53.380001068115234
2026-01-27,AXIA3.SA,,,53.90999984741211
2026-01-28,AXIA3.SA,,,55.5
2026-01-29,AXIA3.SA,,,54.7599983215332
2026-01-30,AXIA3.SA,,,54.369998931884766
2026-02-02,AXIA3.SA,,,55.599998474121094
2026-02-03,AXIA3.SA,,,56.7400016784668
2026-02-04,AXIA3.SA,,,54.97999954223633
2026-02-05,AXIA3.SA,,,56.900001525878906
2026-02-06,AXIA3.SA,,,57.630001068115234
2026-02-09,AXIA3.SA,,,58.630001068115234
